episode,reward,moving_avg,dead_count,epsilon,steps,best_reward
1,-234.00,-234.00,1,0.9950,34,-234.00
2,-234.00,-234.00,2,0.9900,34,-234.00
3,-258.00,-242.00,3,0.9851,58,-234.00
4,98.00,-157.00,3,0.9801,2,-157.00
5,-234.00,-172.40,4,0.9752,34,-157.00
6,-234.00,-182.67,5,0.9704,34,-157.00
7,64.00,-147.43,5,0.9655,36,-147.43
8,70.00,-120.25,5,0.9607,30,-120.25
9,-234.00,-132.89,6,0.9559,34,-120.25
10,96.00,-110.00,6,0.9511,4,-110.00
11,88.00,-92.00,6,0.9464,12,-92.00
12,-307.00,-109.92,7,0.9416,107,-92.00
13,96.00,-94.08,7,0.9369,4,-92.00
14,-234.00,-104.07,8,0.9322,34,-92.00
15,-256.00,-114.20,9,0.9276,56,-92.00
16,94.00,-101.19,9,0.9229,6,-92.00
17,-234.00,-109.00,10,0.9183,34,-92.00
18,74.00,-98.83,10,0.9137,26,-92.00
19,-234.00,-105.95,11,0.9092,34,-92.00
20,-234.00,-112.35,12,0.9046,34,-92.00
21,-234.00,-118.14,13,0.9001,34,-92.00
22,-234.00,-123.41,14,0.8956,34,-92.00
23,-234.00,-128.22,15,0.8911,34,-92.00
24,93.00,-119.00,15,0.8867,7,-92.00
25,84.00,-110.88,15,0.8822,16,-92.00
26,98.00,-102.85,15,0.8778,2,-92.00
27,-234.00,-107.70,16,0.8734,34,-92.00
28,-234.00,-112.21,17,0.8691,34,-92.00
29,-234.00,-116.41,18,0.8647,34,-92.00
30,45.00,-111.03,18,0.8604,55,-92.00
31,78.00,-104.94,18,0.8561,22,-92.00
32,97.00,-98.62,18,0.8518,3,-92.00
33,-234.00,-102.73,19,0.8475,34,-92.00
34,-317.00,-109.03,20,0.8433,117,-92.00
35,-234.00,-112.60,21,0.8391,34,-92.00
36,-234.00,-115.97,22,0.8349,34,-92.00
37,-234.00,-119.16,23,0.8307,34,-92.00
38,-234.00,-122.18,24,0.8266,34,-92.00
39,86.00,-116.85,24,0.8224,14,-92.00
40,-252.00,-120.22,25,0.8183,52,-92.00
41,-309.00,-124.83,26,0.8142,109,-92.00
42,71.00,-120.17,26,0.8102,29,-92.00
43,-256.00,-123.33,27,0.8061,56,-92.00
44,-264.00,-126.52,28,0.8021,64,-92.00
45,-295.00,-130.27,29,0.7981,95,-92.00
46,-295.00,-133.85,30,0.7941,95,-92.00
47,92.00,-129.04,30,0.7901,8,-92.00
48,-293.00,-132.46,31,0.7862,93,-92.00
49,-234.00,-134.53,32,0.7822,34,-92.00
50,93.00,-129.98,32,0.7783,7,-92.00
51,-234.00,-132.02,33,0.7744,34,-92.00
52,97.00,-127.62,33,0.7705,3,-92.00
53,81.00,-123.68,33,0.7667,19,-92.00
54,81.00,-119.89,33,0.7629,19,-92.00
55,98.00,-115.93,33,0.7590,2,-92.00
56,-234.00,-118.04,34,0.7553,34,-92.00
57,-234.00,-120.07,35,0.7515,34,-92.00
58,-234.00,-122.03,36,0.7477,34,-92.00
59,-242.00,-124.07,37,0.7440,42,-92.00
60,-234.00,-125.90,38,0.7403,34,-92.00
61,87.00,-122.41,38,0.7366,13,-92.00
62,-150.00,-122.85,38,0.7329,150,-92.00
63,6.00,-120.81,38,0.7292,94,-92.00
64,-264.00,-123.05,39,0.7256,64,-92.00
65,88.00,-119.80,39,0.7219,12,-92.00
66,-150.00,-120.26,39,0.7183,150,-92.00
67,-234.00,-121.96,40,0.7147,34,-92.00
68,-150.00,-122.37,40,0.7112,150,-92.00
69,92.00,-119.26,40,0.7076,8,-92.00
70,67.00,-116.60,40,0.7041,33,-92.00
71,-283.00,-118.94,41,0.7005,83,-92.00
72,-270.00,-121.04,42,0.6970,70,-92.00
73,93.00,-118.11,42,0.6936,7,-92.00
74,83.00,-115.39,42,0.6901,17,-92.00
75,95.00,-112.59,42,0.6866,5,-92.00
76,28.00,-110.74,42,0.6832,72,-92.00
77,87.00,-108.17,42,0.6798,13,-92.00
78,94.00,-105.58,42,0.6764,6,-92.00
79,99.00,-102.99,42,0.6730,1,-92.00
80,84.00,-100.65,42,0.6696,16,-92.00
81,-279.00,-102.85,43,0.6663,79,-92.00
82,-150.00,-103.43,43,0.6630,150,-92.00
83,81.00,-101.20,43,0.6597,19,-92.00
84,-234.00,-102.79,44,0.6564,34,-92.00
85,-150.00,-103.34,44,0.6531,150,-92.00
86,-261.00,-105.17,45,0.6498,61,-92.00
87,56.00,-103.32,45,0.6466,44,-92.00
88,67.00,-101.39,45,0.6433,33,-92.00
89,93.00,-99.20,45,0.6401,7,-92.00
90,-234.00,-100.70,46,0.6369,34,-92.00
91,97.00,-98.53,46,0.6337,3,-92.00
92,87.00,-96.51,46,0.6306,13,-92.00
93,97.00,-94.43,46,0.6274,3,-92.00
94,-234.00,-95.91,47,0.6243,34,-92.00
95,-295.00,-98.01,48,0.6211,95,-92.00
96,86.00,-96.09,48,0.6180,14,-92.00
97,55.00,-94.54,48,0.6149,45,-92.00
98,-279.00,-96.42,49,0.6119,79,-92.00
99,-234.00,-97.81,50,0.6088,34,-92.00
100,-234.00,-99.17,51,0.6058,34,-92.00
101,-333.00,-100.16,52,0.6027,133,-92.00
102,-266.00,-100.48,53,0.5997,66,-92.00
103,-150.00,-99.40,53,0.5967,150,-92.00
104,97.00,-99.41,53,0.5937,3,-92.00
105,79.00,-96.28,53,0.5908,21,-92.00
106,92.00,-93.02,53,0.5878,8,-92.00
107,-150.00,-95.16,53,0.5849,150,-92.00
108,27.00,-95.59,53,0.5820,73,-92.00
109,82.00,-92.43,53,0.5790,18,-92.00
110,99.00,-92.40,53,0.5762,1,-92.00
111,-270.00,-95.98,54,0.5733,70,-92.00
112,95.00,-91.96,54,0.5704,5,-91.96
113,88.00,-92.04,54,0.5676,12,-91.96
114,96.00,-88.74,54,0.5647,4,-88.74
115,67.00,-85.51,54,0.5619,33,-85.51
116,-150.00,-87.95,54,0.5591,150,-85.51
117,-150.00,-87.11,54,0.5563,150,-85.51
118,-150.00,-89.35,54,0.5535,150,-85.51
119,-150.00,-88.51,54,0.5507,150,-85.51
120,-150.00,-87.67,54,0.5480,150,-85.51
121,-12.00,-85.45,54,0.5452,112,-85.45
122,-150.00,-84.61,54,0.5425,150,-84.61
123,-150.00,-83.77,54,0.5398,150,-83.77
124,-150.00,-86.20,54,0.5371,150,-83.77
125,-234.00,-89.38,55,0.5344,34,-83.77
126,81.00,-89.55,55,0.5318,19,-83.77
127,-150.00,-88.71,55,0.5291,150,-83.77
128,-343.00,-89.80,56,0.5264,143,-83.77
129,99.00,-86.47,56,0.5238,1,-83.77
130,-234.00,-89.26,57,0.5212,34,-83.77
131,-150.00,-91.54,57,0.5186,150,-83.77
132,-150.00,-94.01,57,0.5160,150,-83.77
133,-150.00,-93.17,57,0.5134,150,-83.77
134,-234.00,-92.34,58,0.5108,34,-83.77
135,-343.00,-93.43,59,0.5083,143,-83.77
136,-150.00,-92.59,59,0.5058,150,-83.77
137,-150.00,-91.75,59,0.5032,150,-83.77
138,-264.00,-92.05,60,0.5007,64,-83.77
139,-287.00,-95.78,61,0.4982,87,-83.77
140,-150.00,-94.76,61,0.4957,150,-83.77
141,82.00,-90.85,61,0.4932,18,-83.77
142,98.00,-90.58,61,0.4908,2,-83.77
143,-150.00,-89.52,61,0.4883,150,-83.77
144,58.00,-86.30,61,0.4859,42,-83.77
145,64.00,-82.71,61,0.4834,36,-82.71
146,11.00,-79.65,61,0.4810,89,-79.65
147,-150.00,-82.07,61,0.4786,150,-79.65
148,-150.00,-80.64,61,0.4762,150,-79.65
149,-150.00,-79.80,61,0.4738,150,-79.65
150,-150.00,-82.23,61,0.4715,150,-79.65
151,99.00,-78.90,61,0.4691,1,-78.90
152,-150.00,-81.37,61,0.4668,150,-78.90
153,62.00,-81.56,61,0.4644,38,-78.90
154,-150.00,-83.87,61,0.4621,150,-78.90
155,-150.00,-86.35,61,0.4598,150,-78.90
156,-150.00,-85.51,61,0.4575,150,-78.90
157,75.00,-82.42,61,0.4552,25,-78.90
158,74.00,-79.34,61,0.4529,26,-78.90
159,93.00,-75.99,61,0.4507,7,-75.99
160,77.00,-72.88,61,0.4484,23,-72.88
161,73.00,-73.02,61,0.4462,27,-72.88
162,84.00,-70.68,61,0.4440,16,-70.68
163,-150.00,-72.24,61,0.4417,150,-70.68
164,97.00,-68.63,61,0.4395,3,-68.63
165,-150.00,-71.01,61,0.4373,150,-68.63
166,98.00,-68.53,61,0.4351,2,-68.53
167,-150.00,-67.69,61,0.4330,150,-67.69
168,-150.00,-67.69,61,0.4308,150,-67.69
169,50.00,-68.11,61,0.4286,50,-67.69
170,-150.00,-70.28,61,0.4265,150,-67.69
171,48.00,-66.97,61,0.4244,52,-66.97
172,18.00,-64.09,61,0.4223,82,-64.09
173,-150.00,-66.52,61,0.4201,150,-64.09
174,1.00,-67.34,61,0.4180,99,-64.09
175,77.00,-67.52,61,0.4159,23,-64.09
176,85.00,-66.95,61,0.4139,15,-64.09
177,-305.00,-70.87,62,0.4118,105,-64.09
178,-150.00,-73.31,62,0.4097,150,-64.09
179,31.00,-73.99,62,0.4077,69,-64.09
180,86.00,-73.97,62,0.4057,14,-64.09
181,83.00,-70.35,62,0.4036,17,-64.09
182,76.00,-68.09,62,0.4016,24,-64.09
183,-18.00,-69.08,62,0.3996,118,-64.09
184,81.00,-65.93,62,0.3976,19,-64.09
185,-150.00,-65.93,62,0.3956,150,-64.09
186,89.00,-62.43,62,0.3936,11,-62.43
187,99.00,-62.00,62,0.3917,1,-62.00
188,80.00,-61.87,62,0.3897,20,-61.87
189,43.00,-62.37,62,0.3878,57,-61.87
190,-150.00,-61.53,62,0.3858,150,-61.53
191,-19.00,-62.69,62,0.3839,119,-61.53
192,-150.00,-65.06,62,0.3820,150,-61.53
193,67.00,-65.36,62,0.3801,33,-61.53
194,87.00,-62.15,62,0.3782,13,-61.53
195,41.00,-58.79,62,0.3763,59,-58.79
196,45.00,-59.20,62,0.3744,55,-58.79
197,56.00,-59.19,62,0.3725,44,-58.79
198,97.00,-55.43,62,0.3707,3,-55.43
199,79.00,-52.30,62,0.3688,21,-52.30
200,-150.00,-51.46,62,0.3670,150,-51.46
201,-150.00,-49.63,62,0.3651,150,-49.63
202,99.00,-45.98,62,0.3633,1,-45.98
203,99.00,-43.49,62,0.3615,1,-43.49
204,77.00,-43.69,62,0.3597,23,-43.49
205,59.00,-43.89,62,0.3579,41,-43.49
206,-234.00,-47.15,63,0.3561,34,-43.49
207,-234.00,-47.99,64,0.3543,34,-43.49
208,-150.00,-49.76,64,0.3525,150,-43.49
209,82.00,-49.76,64,0.3508,18,-43.49
210,95.00,-49.80,64,0.3490,5,-43.49
211,77.00,-46.33,64,0.3473,23,-43.49
212,87.00,-46.41,64,0.3455,13,-43.49
213,96.00,-46.33,64,0.3438,4,-43.49
214,91.00,-46.38,64,0.3421,9,-43.49
215,71.00,-46.34,64,0.3404,29,-43.49
216,82.00,-44.02,64,0.3387,18,-43.49
217,-234.00,-44.86,65,0.3370,34,-43.49
218,76.00,-42.60,65,0.3353,24,-42.60
219,74.00,-40.36,65,0.3336,26,-40.36
220,34.00,-38.52,65,0.3320,66,-38.52
221,-263.00,-41.03,66,0.3303,63,-38.52
222,97.00,-38.56,66,0.3286,3,-38.52
223,90.00,-36.16,66,0.3270,10,-36.16
224,-150.00,-36.16,66,0.3254,150,-36.16
225,-150.00,-35.32,66,0.3237,150,-35.32
226,87.00,-35.26,66,0.3221,13,-35.26
227,-349.00,-37.25,67,0.3205,149,-35.26
228,-14.00,-33.96,67,0.3189,114,-33.96
229,94.00,-34.01,67,0.3173,6,-33.96
230,-150.00,-33.17,67,0.3157,150,-33.17
231,-150.00,-33.17,67,0.3141,150,-33.17
232,-234.00,-34.01,68,0.3126,34,-33.17
233,-150.00,-34.01,68,0.3110,150,-33.17
234,-150.00,-33.17,68,0.3095,150,-33.17
235,-150.00,-31.24,68,0.3079,150,-31.24
236,-35.00,-30.09,68,0.3064,135,-30.09
237,-150.00,-30.09,68,0.3048,150,-30.09
238,22.00,-27.23,68,0.3033,78,-27.23
239,-150.00,-25.86,68,0.3018,150,-25.86
240,78.00,-23.58,68,0.3003,22,-23.58
241,-150.00,-25.90,68,0.2988,150,-23.58
242,52.00,-26.36,68,0.2973,48,-23.58
243,83.00,-24.03,68,0.2958,17,-23.58
244,76.00,-23.85,68,0.2943,24,-23.58
245,81.00,-23.68,68,0.2929,19,-23.58
246,-150.00,-25.29,68,0.2914,150,-23.58
247,-263.00,-26.42,69,0.2899,63,-23.58
248,-150.00,-26.42,69,0.2885,150,-23.58
249,-150.00,-26.42,69,0.2870,150,-23.58
250,-150.00,-26.42,69,0.2856,150,-23.58
251,41.00,-27.00,69,0.2842,59,-23.58
252,92.00,-24.58,69,0.2828,8,-23.58
253,-150.00,-26.70,69,0.2813,150,-23.58
254,67.00,-24.53,69,0.2799,33,-23.58
255,84.00,-22.19,69,0.2785,16,-22.19
256,-150.00,-22.19,69,0.2771,150,-22.19
257,81.00,-22.13,69,0.2758,19,-22.13
258,94.00,-21.93,69,0.2744,6,-21.93
259,-150.00,-24.36,69,0.2730,150,-21.93
260,91.00,-24.22,69,0.2716,9,-21.93
261,32.00,-24.63,69,0.2703,68,-21.93
262,-150.00,-26.97,69,0.2689,150,-21.93
263,-26.00,-25.73,69,0.2676,126,-21.93
264,-286.00,-29.56,70,0.2663,86,-21.93
265,-17.00,-28.23,70,0.2649,117,-21.93
266,87.00,-28.34,70,0.2636,13,-21.93
267,-47.00,-27.31,70,0.2623,147,-21.93
268,-150.00,-27.31,70,0.2610,150,-21.93
269,38.00,-27.43,70,0.2597,62,-21.93
270,21.00,-25.72,70,0.2584,79,-21.93
271,-1.00,-26.21,70,0.2571,101,-21.93
272,-150.00,-27.89,70,0.2558,150,-21.93
273,80.00,-25.59,70,0.2545,20,-21.93
274,86.00,-24.74,70,0.2532,14,-21.93
275,79.00,-24.72,70,0.2520,21,-21.93
276,-28.00,-25.85,70,0.2507,128,-21.93
277,-150.00,-24.30,70,0.2495,150,-21.93
278,42.00,-22.38,70,0.2482,58,-21.93
279,-150.00,-24.19,70,0.2470,150,-21.93
280,72.00,-24.33,70,0.2457,28,-21.93
281,-150.00,-26.66,70,0.2445,150,-21.93
282,98.00,-26.44,70,0.2433,2,-21.93
283,-150.00,-27.76,70,0.2421,150,-21.93
284,-150.00,-30.07,70,0.2409,150,-21.93
285,-234.00,-30.91,71,0.2397,34,-21.93
286,80.00,-31.00,71,0.2385,20,-21.93
287,-150.00,-33.49,71,0.2373,150,-21.93
288,-150.00,-35.79,71,0.2361,150,-21.93
289,-150.00,-37.72,71,0.2349,150,-21.93
290,-263.00,-38.85,72,0.2337,63,-21.93
291,-45.00,-39.11,72,0.2326,145,-21.93
292,42.00,-37.19,72,0.2314,58,-21.93
293,-150.00,-39.36,72,0.2302,150,-21.93
294,-19.00,-40.42,72,0.2291,119,-21.93
295,77.00,-40.06,72,0.2279,23,-21.93
296,-150.00,-42.01,72,0.2268,150,-21.93
297,-150.00,-44.07,72,0.2257,150,-21.93
298,-150.00,-46.54,72,0.2245,150,-21.93
299,-42.00,-47.75,72,0.2234,142,-21.93
300,-150.00,-47.75,72,0.2223,150,-21.93
301,-150.00,-47.75,72,0.2212,150,-21.93
302,66.00,-48.08,72,0.2201,34,-21.93
303,55.00,-48.52,72,0.2190,45,-21.93
304,-150.00,-50.79,72,0.2179,150,-21.93
305,89.00,-50.49,72,0.2168,11,-21.93
306,62.00,-47.53,72,0.2157,38,-21.93
307,98.00,-44.21,72,0.2146,2,-21.93
308,-150.00,-44.21,72,0.2136,150,-21.93
309,74.00,-44.29,72,0.2125,26,-21.93
310,74.00,-44.50,72,0.2114,26,-21.93
311,-150.00,-46.77,72,0.2104,150,-21.93
312,67.00,-46.97,72,0.2093,33,-21.93
313,-14.00,-48.07,72,0.2083,114,-21.93
314,-150.00,-50.48,72,0.2072,150,-21.93
315,56.00,-50.63,72,0.2062,44,-21.93
316,90.00,-50.55,72,0.2052,10,-21.93
317,81.00,-47.40,72,0.2041,19,-21.93
318,-150.00,-49.66,72,0.2031,150,-21.93
319,-150.00,-51.90,72,0.2021,150,-21.93
320,-150.00,-53.74,72,0.2011,150,-21.93
321,-150.00,-52.61,72,0.2001,150,-21.93
322,12.00,-53.46,72,0.1991,88,-21.93
323,35.00,-54.01,72,0.1981,65,-21.93
324,-150.00,-54.01,72,0.1971,150,-21.93
325,60.00,-51.91,72,0.1961,40,-21.93
326,87.00,-51.91,72,0.1951,13,-21.93
327,95.00,-47.47,72,0.1942,5,-21.93
328,-150.00,-48.83,72,0.1932,150,-21.93
329,15.00,-49.62,72,0.1922,85,-21.93
330,40.00,-47.72,72,0.1913,60,-21.93
331,65.00,-45.57,72,0.1903,35,-21.93
332,75.00,-42.48,72,0.1893,25,-21.93
333,-150.00,-42.48,72,0.1884,150,-21.93
334,7.00,-40.91,72,0.1875,93,-21.93
335,-150.00,-40.91,72,0.1865,150,-21.93
336,57.00,-39.99,72,0.1856,43,-21.93
337,66.00,-37.83,72,0.1847,34,-21.93
338,47.00,-37.58,72,0.1837,53,-21.93
339,-150.00,-37.58,72,0.1828,150,-21.93
340,97.00,-37.39,72,0.1819,3,-21.93
341,-48.00,-36.37,72,0.1810,148,-21.93
342,-150.00,-38.39,72,0.1801,150,-21.93
343,46.00,-38.76,72,0.1792,54,-21.93
344,74.00,-38.78,72,0.1783,26,-21.93
345,-150.00,-41.09,72,0.1774,150,-21.93
346,92.00,-38.67,72,0.1765,8,-21.93
347,61.00,-35.43,72,0.1756,39,-21.93
348,24.00,-33.69,72,0.1748,76,-21.93
349,70.00,-31.49,72,0.1739,30,-21.93
350,-150.00,-31.49,72,0.1730,150,-21.93
351,97.00,-30.93,72,0.1721,3,-21.93
352,43.00,-31.42,72,0.1713,57,-21.93
353,75.00,-29.17,72,0.1704,25,-21.93
354,63.00,-29.21,72,0.1696,37,-21.93
355,-150.00,-31.55,72,0.1687,150,-21.93
356,-37.00,-30.42,72,0.1679,137,-21.93
357,-150.00,-32.73,72,0.1670,150,-21.93
358,57.00,-33.10,72,0.1662,43,-21.93
359,95.00,-30.65,72,0.1654,5,-21.93
360,27.00,-31.29,72,0.1646,73,-21.93
361,-150.00,-33.11,72,0.1637,150,-21.93
362,96.00,-30.65,72,0.1629,4,-21.93
363,-150.00,-31.89,72,0.1621,150,-21.93
364,-150.00,-30.53,72,0.1613,150,-21.93
365,33.00,-30.03,72,0.1605,67,-21.93
366,38.00,-30.52,72,0.1597,62,-21.93
367,26.00,-29.79,72,0.1589,74,-21.93
368,-150.00,-29.79,72,0.1581,150,-21.93
369,65.00,-29.52,72,0.1573,35,-21.93
370,76.00,-28.97,72,0.1565,24,-21.93
371,6.00,-28.90,72,0.1557,94,-21.93
372,-150.00,-28.90,72,0.1549,150,-21.93
373,-150.00,-31.20,72,0.1542,150,-21.93
374,93.00,-31.13,72,0.1534,7,-21.93
375,-150.00,-33.42,72,0.1526,150,-21.93
376,-22.00,-33.36,72,0.1519,122,-21.93
377,84.00,-31.02,72,0.1511,16,-21.93
378,-234.00,-33.78,73,0.1504,34,-21.93
379,-150.00,-33.78,73,0.1496,150,-21.93
380,13.00,-34.37,73,0.1489,87,-21.93
381,-150.00,-34.37,73,0.1481,150,-21.93
382,83.00,-34.52,73,0.1474,17,-21.93
383,-47.00,-33.49,73,0.1466,147,-21.93
384,-150.00,-33.49,73,0.1459,150,-21.93
385,84.00,-30.31,73,0.1452,16,-21.93
386,-150.00,-32.61,73,0.1444,150,-21.93
387,97.00,-30.14,73,0.1437,3,-21.93
388,99.00,-27.65,73,0.1430,1,-21.93
389,-262.00,-28.77,74,0.1423,62,-21.93
390,-150.00,-27.64,74,0.1416,150,-21.93
391,65.00,-26.54,74,0.1409,35,-21.93
392,-8.00,-27.04,74,0.1402,108,-21.93
393,93.00,-24.61,74,0.1395,7,-21.93
394,-150.00,-25.92,74,0.1388,150,-21.93
395,74.00,-25.95,74,0.1381,26,-21.93
396,73.00,-23.72,74,0.1374,27,-21.93
397,-150.00,-23.72,74,0.1367,150,-21.93
398,92.00,-21.30,74,0.1360,8,-21.30
399,-150.00,-22.38,74,0.1353,150,-21.30
400,-150.00,-22.38,74,0.1347,150,-21.30
401,-150.00,-22.38,74,0.1340,150,-21.30
402,92.00,-22.12,74,0.1333,8,-21.30
403,66.00,-22.01,74,0.1326,34,-21.30
404,-150.00,-22.01,74,0.1320,150,-21.30
405,9.00,-22.81,74,0.1313,91,-21.30
406,89.00,-22.54,74,0.1307,11,-21.30
407,-150.00,-25.02,74,0.1300,150,-21.30
408,-40.00,-23.92,74,0.1294,140,-21.30
409,59.00,-24.07,74,0.1287,41,-21.30
410,-150.00,-26.31,74,0.1281,150,-21.30
411,-150.00,-26.31,74,0.1274,150,-21.30
412,96.00,-26.02,74,0.1268,4,-21.30
413,-7.00,-25.95,74,0.1262,107,-21.30
414,11.00,-24.34,74,0.1255,89,-21.30
415,-150.00,-26.40,74,0.1249,150,-21.30
416,-150.00,-28.80,74,0.1243,150,-21.30
417,73.00,-28.88,74,0.1237,27,-21.30
418,54.00,-26.84,74,0.1230,46,-21.30
419,85.00,-24.49,74,0.1224,15,-21.30
420,69.00,-22.30,74,0.1218,31,-21.30
421,67.00,-20.13,74,0.1212,33,-20.13
422,20.00,-20.05,74,0.1206,80,-20.05
423,31.00,-20.09,74,0.1200,69,-20.05
424,66.00,-17.93,74,0.1194,34,-17.93
425,54.00,-17.99,74,0.1188,46,-17.93
426,-5.00,-18.91,74,0.1182,105,-17.93
427,16.00,-19.70,74,0.1176,84,-17.93
428,-150.00,-19.70,74,0.1170,150,-17.93
429,-150.00,-21.35,74,0.1164,150,-17.93
430,80.00,-20.95,74,0.1159,20,-17.93
431,-9.00,-21.69,74,0.1153,109,-17.93
432,-150.00,-23.94,74,0.1147,150,-17.93
433,56.00,-21.88,74,0.1141,44,-17.93
434,-150.00,-23.45,74,0.1136,150,-17.93
435,82.00,-21.13,74,0.1130,18,-17.93
436,37.00,-21.33,74,0.1124,63,-17.93
437,-150.00,-23.49,74,0.1119,150,-17.93
438,41.00,-23.55,74,0.1113,59,-17.93
439,-150.00,-23.55,74,0.1107,150,-17.93
440,-150.00,-26.02,74,0.1102,150,-17.93
441,96.00,-24.58,74,0.1096,4,-17.93
442,61.00,-22.47,74,0.1091,39,-17.93
443,0.00,-22.93,74,0.1085,100,-17.93
444,-150.00,-25.17,74,0.1080,150,-17.93
445,38.00,-23.29,74,0.1075,62,-17.93
446,62.00,-23.59,74,0.1069,38,-17.93
447,57.00,-23.63,74,0.1064,43,-17.93
448,59.00,-23.28,74,0.1059,41,-17.93
449,80.00,-23.18,74,0.1053,20,-17.93
450,64.00,-21.04,74,0.1048,36,-17.93
451,-150.00,-23.51,74,0.1043,150,-17.93
452,96.00,-22.98,74,0.1038,4,-17.93
453,-28.00,-24.01,74,0.1032,128,-17.93
454,63.00,-24.01,74,0.1027,37,-17.93
455,30.00,-22.21,74,0.1022,70,-17.93
456,86.00,-20.98,74,0.1017,14,-17.93
457,-150.00,-20.98,74,0.1012,150,-17.93
458,-150.00,-23.05,74,0.1007,150,-17.93
459,-150.00,-25.50,74,0.1002,150,-17.93
460,98.00,-24.79,74,0.0997,2,-17.93
461,86.00,-22.43,74,0.0992,14,-17.93
462,65.00,-22.74,74,0.0987,35,-17.93
463,-150.00,-22.74,74,0.0982,150,-17.93
464,73.00,-20.51,74,0.0977,27,-17.93
465,-150.00,-22.34,74,0.0972,150,-17.93
466,66.00,-22.06,74,0.0967,34,-17.93
467,-150.00,-23.82,74,0.0962,150,-17.93
468,55.00,-21.77,74,0.0958,45,-17.93
469,59.00,-21.83,74,0.0953,41,-17.93
470,26.00,-22.33,74,0.0948,74,-17.93
471,-150.00,-23.89,74,0.0943,150,-17.93
472,32.00,-22.07,74,0.0939,68,-17.93
473,55.00,-20.02,74,0.0934,45,-17.93
474,87.00,-20.08,74,0.0929,13,-17.93
475,-150.00,-20.08,74,0.0925,150,-17.93
476,-150.00,-21.36,74,0.0920,150,-17.93
477,70.00,-21.50,74,0.0915,30,-17.93
478,8.00,-19.08,74,0.0911,92,-17.93
479,68.00,-16.90,74,0.0906,32,-16.90
480,61.00,-16.42,74,0.0902,39,-16.42
481,-150.00,-16.42,74,0.0897,150,-16.42
482,-150.00,-18.75,74,0.0893,150,-16.42
483,10.00,-18.18,74,0.0888,90,-16.42
484,9.00,-16.59,74,0.0884,91,-16.42
485,-35.00,-17.78,74,0.0879,135,-16.42
486,-266.00,-18.94,75,0.0875,66,-16.42
487,-234.00,-22.25,76,0.0871,34,-16.42
488,69.00,-22.55,76,0.0866,31,-16.42
489,-150.00,-21.43,76,0.0862,150,-16.42
490,45.00,-19.48,76,0.0858,55,-16.42
491,-26.00,-20.39,76,0.0853,126,-16.42
492,58.00,-19.73,76,0.0849,42,-16.42
493,-150.00,-22.16,76,0.0845,150,-16.42
494,99.00,-19.67,76,0.0841,1,-16.42
495,98.00,-19.43,76,0.0836,2,-16.42
496,-234.00,-22.50,77,0.0832,34,-16.42
497,79.00,-20.21,77,0.0828,21,-16.42
498,-6.00,-21.19,77,0.0824,106,-16.42
499,-150.00,-21.19,77,0.0820,150,-16.42
500,80.00,-18.89,77,0.0816,20,-16.42
501,-150.00,-18.89,77,0.0812,150,-16.42
502,-150.00,-21.31,77,0.0808,150,-16.42
503,-150.00,-23.47,77,0.0804,150,-16.42
504,-150.00,-23.47,77,0.0800,150,-16.42
505,-150.00,-25.06,77,0.0796,150,-16.42
506,12.00,-25.83,77,0.0792,88,-16.42
507,-150.00,-25.83,77,0.0788,150,-16.42
508,97.00,-24.46,77,0.0784,3,-16.42
509,-150.00,-26.55,77,0.0780,150,-16.42
510,-150.00,-26.55,77,0.0776,150,-16.42
511,-150.00,-26.55,77,0.0772,150,-16.42
512,-50.00,-28.01,77,0.0768,150,-16.42
513,-43.00,-28.37,77,0.0764,143,-16.42
514,96.00,-27.52,77,0.0760,4,-16.42
515,12.00,-25.90,77,0.0757,88,-16.42
516,87.00,-23.53,77,0.0753,13,-16.42
517,17.00,-24.09,77,0.0749,83,-16.42
518,-4.00,-24.67,77,0.0745,104,-16.42
519,-150.00,-27.02,77,0.0742,150,-16.42
520,-44.00,-28.15,77,0.0738,144,-16.42
521,92.00,-27.90,77,0.0734,8,-16.42
522,68.00,-27.42,77,0.0731,32,-16.42
523,-21.00,-27.94,77,0.0727,121,-16.42
524,-24.00,-28.84,77,0.0723,124,-16.42
525,49.00,-28.89,77,0.0720,51,-16.42
526,94.00,-27.90,77,0.0716,6,-16.42
527,-350.00,-31.56,78,0.0712,150,-16.42
528,-234.00,-32.40,79,0.0709,34,-16.42
529,-234.00,-33.24,80,0.0705,34,-16.42
530,-8.00,-34.12,80,0.0702,108,-16.42
531,-150.00,-35.53,80,0.0698,150,-16.42
532,-150.00,-35.53,80,0.0695,150,-16.42
533,-150.00,-37.59,80,0.0691,150,-16.42
534,61.00,-35.48,80,0.0688,39,-16.42
535,-35.00,-36.65,80,0.0684,135,-16.42
536,73.00,-36.29,80,0.0681,27,-16.42
537,-150.00,-36.29,80,0.0678,150,-16.42
538,-32.00,-37.02,80,0.0674,132,-16.42
539,-150.00,-37.02,80,0.0671,150,-16.42
540,64.00,-34.88,80,0.0668,36,-16.42
541,76.00,-35.08,80,0.0664,24,-16.42
542,-150.00,-37.19,80,0.0661,150,-16.42
543,-150.00,-38.69,80,0.0658,150,-16.42
544,99.00,-36.20,80,0.0654,1,-16.42
545,71.00,-35.87,80,0.0651,29,-16.42
546,7.00,-36.42,80,0.0648,93,-16.42
547,64.00,-36.35,80,0.0645,36,-16.42
548,96.00,-35.98,80,0.0641,4,-16.42
549,96.00,-35.82,80,0.0638,4,-16.42
550,-150.00,-37.96,80,0.0635,150,-16.42
551,-150.00,-37.96,80,0.0632,150,-16.42
552,97.00,-37.95,80,0.0629,3,-16.42
553,66.00,-37.01,80,0.0625,34,-16.42
554,35.00,-37.29,80,0.0622,65,-16.42
555,74.00,-36.85,80,0.0619,26,-16.42
556,69.00,-37.02,80,0.0616,31,-16.42
557,60.00,-34.92,80,0.0613,40,-16.42
558,67.00,-32.75,80,0.0610,33,-16.42
559,-150.00,-32.75,80,0.0607,150,-16.42
560,-150.00,-35.23,80,0.0604,150,-16.42
561,29.00,-35.80,80,0.0601,71,-16.42
562,61.00,-35.84,80,0.0598,39,-16.42
563,-150.00,-35.84,80,0.0595,150,-16.42
564,-150.00,-38.07,80,0.0592,150,-16.42
565,47.00,-36.10,80,0.0589,53,-16.42
566,81.00,-35.95,80,0.0586,19,-16.42
567,88.00,-33.57,80,0.0583,12,-16.42
568,66.00,-33.46,80,0.0580,34,-16.42
569,-150.00,-35.55,80,0.0577,150,-16.42
570,40.00,-35.41,80,0.0574,60,-16.42
571,57.00,-33.34,80,0.0571,43,-16.42
572,76.00,-32.90,80,0.0569,24,-16.42
573,88.00,-32.57,80,0.0566,12,-16.42
574,5.00,-33.39,80,0.0563,95,-16.42
575,55.00,-31.34,80,0.0560,45,-16.42
576,89.00,-28.95,80,0.0557,11,-16.42
577,97.00,-28.68,80,0.0555,3,-16.42
578,-150.00,-30.26,80,0.0552,150,-16.42
579,63.00,-30.31,80,0.0549,37,-16.42
580,87.00,-30.05,80,0.0546,13,-16.42
581,82.00,-27.73,80,0.0544,18,-16.42
582,-150.00,-27.73,80,0.0541,150,-16.42
583,68.00,-27.15,80,0.0538,32,-16.42
584,66.00,-26.58,80,0.0535,34,-16.42
585,-150.00,-27.73,80,0.0533,150,-16.42
586,74.00,-24.33,80,0.0530,26,-16.42
587,80.00,-21.19,80,0.0527,20,-16.42
588,69.00,-21.19,80,0.0525,31,-16.42
589,75.00,-18.94,80,0.0522,25,-16.42
590,-4.00,-19.43,80,0.0520,104,-16.42
591,76.00,-18.41,80,0.0517,24,-16.42
592,-150.00,-20.49,80,0.0514,150,-16.42
593,98.00,-18.01,80,0.0512,2,-16.42
594,-150.00,-20.50,80,0.0509,150,-16.42
595,61.00,-20.87,80,0.0507,39,-16.42
596,33.00,-18.20,80,0.0504,67,-16.42
597,25.00,-18.74,80,0.0502,75,-16.42
598,77.00,-17.91,80,0.0499,23,-16.42
599,-150.00,-17.91,80,0.0497,150,-16.42
600,-150.00,-20.21,80,0.0494,150,-16.42
601,67.00,-18.04,80,0.0492,33,-16.42
602,89.00,-15.65,80,0.0489,11,-15.65
603,11.00,-14.04,80,0.0487,89,-14.04
604,86.00,-11.68,80,0.0484,14,-11.68
605,-150.00,-11.68,80,0.0482,150,-11.68
606,-150.00,-13.30,80,0.0479,150,-11.68
607,-150.00,-13.30,80,0.0477,150,-11.68
608,-26.00,-14.53,80,0.0475,126,-11.68
609,99.00,-12.04,80,0.0472,1,-11.68
610,-150.00,-12.04,80,0.0470,150,-11.68
611,5.00,-10.49,80,0.0468,95,-10.49
612,72.00,-9.27,80,0.0465,28,-9.27
613,-9.00,-8.93,80,0.0463,109,-8.93
614,68.00,-9.21,80,0.0461,32,-8.93
615,5.00,-9.28,80,0.0458,95,-8.93
616,-150.00,-11.65,80,0.0456,150,-8.93
617,94.00,-10.88,80,0.0454,6,-8.93
618,94.00,-9.90,80,0.0452,6,-8.93
619,-150.00,-9.90,80,0.0449,150,-8.93
620,-150.00,-10.96,80,0.0447,150,-8.93
621,33.00,-11.55,80,0.0445,67,-8.93
622,-150.00,-13.73,80,0.0443,150,-8.93
623,-150.00,-15.02,80,0.0440,150,-8.93
624,46.00,-14.32,80,0.0438,54,-8.93
625,92.00,-13.89,80,0.0436,8,-8.93
626,53.00,-14.30,80,0.0434,47,-8.93
627,-150.00,-12.30,80,0.0432,150,-8.93
628,97.00,-8.99,80,0.0429,3,-8.93
629,66.00,-5.99,80,0.0427,34,-5.99
630,-150.00,-7.41,80,0.0425,150,-5.99
631,-150.00,-7.41,80,0.0423,150,-5.99
632,74.00,-5.17,80,0.0421,26,-5.17
633,46.00,-3.21,80,0.0419,54,-3.21
634,42.00,-3.40,80,0.0417,58,-3.21
635,59.00,-2.46,80,0.0415,41,-2.46
636,84.00,-2.35,80,0.0413,16,-2.35
637,92.00,0.07,80,0.0410,8,0.07
638,58.00,0.97,80,0.0408,42,0.97
639,-150.00,0.97,80,0.0406,150,0.97
640,93.00,1.26,80,0.0404,7,1.26
641,-150.00,-1.00,80,0.0402,150,1.26
642,98.00,1.48,80,0.0400,2,1.48
643,63.00,3.61,80,0.0398,37,3.61
644,-3.00,2.59,80,0.0396,103,3.61
645,85.00,2.73,80,0.0394,15,3.61
646,1.00,2.67,80,0.0392,99,3.61
647,78.00,2.81,80,0.0390,22,3.61
648,37.00,2.22,80,0.0388,63,3.61
649,6.00,1.32,80,0.0387,94,3.61
650,96.00,3.78,80,0.0385,4,3.78
651,71.00,5.99,80,0.0383,29,5.99
652,-242.00,2.60,81,0.0381,42,5.99
653,65.00,2.59,81,0.0379,35,5.99
654,14.00,2.38,81,0.0377,86,5.99
655,93.00,2.57,81,0.0375,7,5.99
656,73.00,2.61,81,0.0373,27,5.99
657,99.00,3.00,81,0.0371,1,5.99
658,74.00,3.07,81,0.0369,26,5.99
659,-150.00,3.07,81,0.0368,150,5.99
660,29.00,4.86,81,0.0366,71,5.99
661,97.00,5.54,81,0.0364,3,5.99
662,-150.00,3.43,81,0.0362,150,5.99
663,73.00,5.66,81,0.0360,27,5.99
664,16.00,7.32,81,0.0359,84,7.32
665,78.00,7.63,81,0.0357,22,7.63
666,-150.00,5.32,81,0.0355,150,7.63
667,56.00,5.00,81,0.0353,44,7.63
668,29.00,4.63,81,0.0351,71,7.63
669,-150.00,4.63,81,0.0350,150,7.63
670,54.00,4.77,81,0.0348,46,7.63
671,-150.00,2.70,81,0.0346,150,7.63
672,99.00,2.93,81,0.0344,1,7.63
673,77.00,2.82,81,0.0343,23,7.63
674,91.00,3.68,81,0.0341,9,7.63
675,97.00,4.10,81,0.0339,3,7.63
676,51.00,3.72,81,0.0338,49,7.63
677,-50.00,2.25,81,0.0336,150,7.63
678,-150.00,2.25,81,0.0334,150,7.63
679,48.00,2.10,81,0.0333,52,7.63
680,98.00,2.21,81,0.0331,2,7.63
681,72.00,2.11,81,0.0329,28,7.63
682,73.00,4.34,81,0.0328,27,7.63
683,-150.00,2.16,81,0.0326,150,7.63
684,67.00,2.17,81,0.0324,33,7.63
685,-28.00,3.39,81,0.0323,128,7.63
686,83.00,3.48,81,0.0321,17,7.63
687,51.00,3.19,81,0.0319,49,7.63
688,71.00,3.21,81,0.0318,29,7.63
689,-150.00,0.96,81,0.0316,150,7.63
690,65.00,1.65,81,0.0315,35,7.63
691,66.00,1.55,81,0.0313,34,7.63
692,61.00,3.66,81,0.0312,39,7.63
693,59.00,3.27,81,0.0310,41,7.63
694,48.00,5.25,81,0.0308,52,7.63
695,97.00,5.61,81,0.0307,3,7.63
696,49.00,5.77,81,0.0305,51,7.63
697,64.00,6.16,81,0.0304,36,7.63
698,89.00,6.28,81,0.0302,11,7.63
699,-150.00,6.28,81,0.0301,150,7.63
700,-150.00,6.28,81,0.0299,150,7.63
701,-39.00,5.22,81,0.0298,139,7.63
702,92.00,5.25,81,0.0296,8,7.63
703,76.00,5.90,81,0.0295,24,7.63
704,-150.00,3.54,81,0.0293,150,7.63
705,-150.00,3.54,81,0.0292,150,7.63
706,14.00,5.18,81,0.0290,86,7.63
707,60.00,7.28,81,0.0289,40,7.63
708,71.00,8.25,81,0.0288,29,8.25
709,61.00,7.87,81,0.0286,39,8.25
710,76.00,10.13,81,0.0285,24,10.13
711,62.00,10.70,81,0.0283,38,10.70
712,67.00,10.65,81,0.0282,33,10.70
713,-150.00,9.24,81,0.0280,150,10.70
714,84.00,9.40,81,0.0279,16,10.70
715,-41.00,8.94,81,0.0278,141,10.70
716,-150.00,8.94,81,0.0276,150,10.70
717,62.00,8.62,81,0.0275,38,10.70
718,90.00,8.58,81,0.0274,10,10.70
719,99.00,11.07,81,0.0272,1,11.07
720,69.00,13.26,81,0.0271,31,13.26
721,74.00,13.67,81,0.0269,26,13.67
722,97.00,16.14,81,0.0268,3,16.14
723,66.00,18.30,81,0.0267,34,18.30
724,62.00,18.46,81,0.0265,38,18.46
725,-150.00,16.04,81,0.0264,150,18.46
726,31.00,15.82,81,0.0263,69,18.46
727,-150.00,15.82,81,0.0261,150,18.46
728,81.00,15.66,81,0.0260,19,18.46
729,61.00,15.61,81,0.0259,39,18.46
730,87.00,17.98,81,0.0258,13,18.46
731,45.00,19.93,81,0.0256,55,19.93
732,97.00,20.16,81,0.0255,3,20.16
733,48.00,20.18,81,0.0254,52,20.18
734,51.00,20.27,81,0.0252,49,20.27
735,92.00,20.60,81,0.0251,8,20.60
736,8.00,19.84,81,0.0250,92,20.60
737,94.00,19.86,81,0.0249,6,20.60
738,69.00,19.97,81,0.0247,31,20.60
739,63.00,22.10,81,0.0246,37,22.10
740,-150.00,19.67,81,0.0245,150,22.10
741,15.00,21.32,81,0.0244,85,22.10
742,60.00,20.94,81,0.0243,40,22.10
743,-6.00,20.25,81,0.0241,106,22.10
744,-150.00,18.78,81,0.0240,150,22.10
745,-150.00,16.43,81,0.0239,150,22.10
746,64.00,17.06,81,0.0238,36,22.10
747,-150.00,14.78,81,0.0237,150,22.10
748,59.00,15.00,81,0.0235,41,22.10
749,24.00,15.18,81,0.0234,76,22.10
750,-47.00,13.75,81,0.0233,147,22.10
751,-50.00,12.54,81,0.0232,150,22.10
752,98.00,15.94,81,0.0231,2,22.10
753,80.00,16.09,81,0.0229,20,22.10
754,-150.00,14.45,81,0.0228,150,22.10
755,32.00,13.84,81,0.0227,68,22.10
756,85.00,13.96,81,0.0226,15,22.10
757,86.00,13.83,81,0.0225,14,22.10
758,66.00,13.75,81,0.0224,34,22.10
759,95.00,16.20,81,0.0223,5,22.10
760,19.00,16.10,81,0.0222,81,22.10
761,58.00,15.71,81,0.0220,42,22.10
762,-36.00,16.85,81,0.0219,136,22.10
763,-150.00,14.62,81,0.0218,150,22.10
764,61.00,15.07,81,0.0217,39,22.10
765,50.00,14.79,81,0.0216,50,22.10
766,99.00,17.28,81,0.0215,1,22.10
767,-150.00,15.22,81,0.0214,150,22.10
768,-27.00,14.66,81,0.0213,127,22.10
769,-150.00,14.66,81,0.0212,150,22.10
770,66.00,14.78,81,0.0211,34,22.10
771,93.00,17.21,81,0.0210,7,22.10
772,63.00,16.85,81,0.0209,37,22.10
773,62.00,16.70,81,0.0208,38,22.10
774,93.00,16.72,81,0.0207,7,22.10
775,-3.00,15.72,81,0.0206,103,22.10
776,67.00,15.88,81,0.0205,33,22.10
777,66.00,17.04,81,0.0203,34,22.10
778,82.00,19.36,81,0.0202,18,22.10
779,-150.00,17.38,81,0.0201,150,22.10
780,13.00,16.53,81,0.0200,87,22.10
781,-150.00,14.31,81,0.0199,150,22.10
782,20.00,13.78,81,0.0198,80,22.10
783,-150.00,13.78,81,0.0197,150,22.10
784,93.00,14.04,81,0.0196,7,22.10
785,-150.00,12.82,81,0.0195,150,22.10
786,89.00,12.88,81,0.0195,11,22.10
787,11.00,12.48,81,0.0194,89,22.10
788,-150.00,10.27,81,0.0193,150,22.10
789,48.00,12.25,81,0.0192,52,22.10
790,38.00,11.98,81,0.0191,62,22.10
791,44.00,11.76,81,0.0190,56,22.10
792,-150.00,9.65,81,0.0189,150,22.10
793,99.00,10.05,81,0.0188,1,22.10
794,98.00,10.55,81,0.0187,2,22.10
795,69.00,10.27,81,0.0186,31,22.10
796,80.00,10.58,81,0.0185,20,22.10
797,89.00,10.83,81,0.0184,11,22.10
798,16.00,10.10,81,0.0183,84,22.10
799,58.00,12.18,81,0.0182,42,22.10
800,57.00,14.25,81,0.0181,43,22.10
801,-150.00,13.14,81,0.0180,150,22.10
802,41.00,12.63,81,0.0180,59,22.10
803,-150.00,10.37,81,0.0179,150,22.10
804,-150.00,10.37,81,0.0178,150,22.10
805,98.00,12.85,81,0.0177,2,22.10
806,74.00,13.45,81,0.0176,26,22.10
807,62.00,13.47,81,0.0175,38,22.10
808,52.00,13.28,81,0.0174,48,22.10
809,71.00,13.38,81,0.0173,29,22.10
810,67.00,13.29,81,0.0172,33,22.10
811,-150.00,11.17,81,0.0172,150,22.10
812,97.00,11.47,81,0.0171,3,22.10
813,54.00,13.51,81,0.0170,46,22.10
814,61.00,13.28,81,0.0169,39,22.10
815,72.00,14.41,81,0.0168,28,22.10
816,51.00,16.42,81,0.0167,49,22.10
817,99.00,16.79,81,0.0167,1,22.10
818,93.00,16.82,81,0.0166,7,22.10
819,-150.00,14.33,81,0.0165,150,22.10
820,82.00,14.46,81,0.0164,18,22.10
821,-150.00,12.22,81,0.0163,150,22.10
822,26.00,11.51,81,0.0162,74,22.10
823,-150.00,9.35,81,0.0162,150,22.10
824,92.00,9.65,81,0.0161,8,22.10
825,-150.00,9.65,81,0.0160,150,22.10
826,-150.00,7.84,81,0.0159,150,22.10
827,74.00,10.08,81,0.0158,26,22.10
828,-18.00,9.09,81,0.0158,118,22.10
829,62.00,9.10,81,0.0157,38,22.10
830,-150.00,6.73,81,0.0156,150,22.10
831,60.00,6.88,81,0.0155,40,22.10
832,62.00,6.53,81,0.0154,38,22.10
833,-150.00,4.55,81,0.0154,150,22.10
834,58.00,4.62,81,0.0153,42,22.10
835,71.00,4.41,81,0.0152,29,22.10
836,-150.00,2.83,81,0.0151,150,22.10
837,31.00,2.20,81,0.0151,69,22.10
838,28.00,1.79,81,0.0150,72,22.10
839,94.00,2.10,81,0.0149,6,22.10
840,-150.00,2.10,81,0.0148,150,22.10
841,67.00,2.62,81,0.0148,33,22.10
842,-265.00,-0.63,82,0.0147,65,22.10
843,-150.00,-2.07,82,0.0146,150,22.10
844,75.00,0.18,82,0.0145,25,22.10
845,-150.00,0.18,82,0.0145,150,22.10
846,82.00,0.36,82,0.0144,18,22.10
847,79.00,2.65,82,0.0143,21,22.10
848,-150.00,0.56,82,0.0143,150,22.10
849,74.00,1.06,82,0.0142,26,22.10
850,-150.00,0.03,82,0.0141,150,22.10
851,93.00,1.46,82,0.0140,7,22.10
852,90.00,1.38,82,0.0140,10,22.10
853,-150.00,-0.92,82,0.0139,150,22.10
854,64.00,1.22,82,0.0138,36,22.10
855,98.00,1.88,82,0.0138,2,22.10
856,78.00,1.81,82,0.0137,22,22.10
857,86.00,1.81,82,0.0136,14,22.10
858,16.00,1.31,82,0.0136,84,22.10
859,-150.00,-1.14,82,0.0135,150,22.10
860,-150.00,-2.83,82,0.0134,150,22.10
861,46.00,-2.95,82,0.0134,54,22.10
862,65.00,-1.94,82,0.0133,35,22.10
863,-8.00,-0.52,82,0.0132,108,22.10
864,-150.00,-2.63,82,0.0132,150,22.10
865,60.00,-2.53,82,0.0131,40,22.10
866,83.00,-2.69,82,0.0130,17,22.10
867,-6.00,-1.25,82,0.0130,106,22.10
868,98.00,0.00,82,0.0129,2,22.10
869,-150.00,0.00,82,0.0128,150,22.10
870,-2.00,-0.68,82,0.0128,102,22.10
871,52.00,-1.09,82,0.0127,48,22.10
872,-11.00,-1.83,82,0.0126,111,22.10
873,96.00,-1.49,82,0.0126,4,22.10
874,-150.00,-3.92,82,0.0125,150,22.10
875,81.00,-3.08,82,0.0125,19,22.10
876,55.00,-3.20,82,0.0124,45,22.10
877,-15.00,-4.01,82,0.0123,115,22.10
878,-150.00,-6.33,82,0.0123,150,22.10
879,-29.00,-5.12,82,0.0122,129,22.10
880,-150.00,-6.75,82,0.0121,150,22.10
881,72.00,-4.53,82,0.0121,28,22.10
882,98.00,-3.75,82,0.0120,2,22.10
883,-150.00,-3.75,82,0.0120,150,22.10
884,25.00,-4.43,82,0.0119,75,22.10
885,97.00,-1.96,82,0.0118,3,22.10
886,86.00,-1.99,82,0.0118,14,22.10
887,93.00,-1.17,82,0.0117,7,22.10
888,86.00,1.19,82,0.0117,14,22.10
889,44.00,1.15,82,0.0116,56,22.10
890,89.00,1.66,82,0.0115,11,22.10
891,90.00,2.12,82,0.0115,10,22.10
892,9.00,3.71,82,0.0114,91,22.10
893,-150.00,1.22,82,0.0114,150,22.10
894,-150.00,-1.26,82,0.0113,150,22.10
895,-150.00,-3.45,82,0.0113,150,22.10
896,77.00,-3.48,82,0.0112,23,22.10
897,80.00,-3.57,82,0.0112,20,22.10
898,75.00,-2.98,82,0.0111,25,22.10
899,42.00,-3.14,82,0.0110,58,22.10
900,88.00,-2.83,82,0.0110,12,22.10
901,67.00,-0.66,82,0.0109,33,22.10
902,23.00,-0.84,82,0.0109,77,22.10
903,99.00,1.65,82,0.0108,1,22.10
904,90.00,4.05,82,0.0108,10,22.10
905,56.00,3.63,82,0.0107,44,22.10
906,84.00,3.73,82,0.0107,16,22.10
907,89.00,4.00,82,0.0106,11,22.10
908,63.00,4.11,82,0.0106,37,22.10
909,90.00,4.30,82,0.0105,10,22.10
910,96.00,4.59,82,0.0104,4,22.10
911,48.00,6.57,82,0.0104,52,22.10
912,-150.00,4.10,82,0.0103,150,22.10
913,-150.00,2.06,82,0.0103,150,22.10
914,84.00,2.29,82,0.0102,16,22.10
915,95.00,2.52,82,0.0102,5,22.10
916,-150.00,0.51,82,0.0101,150,22.10
917,75.00,0.27,82,0.0101,25,22.10
918,83.00,0.17,82,0.0100,17,22.10
919,-150.00,0.17,82,0.0100,150,22.10
920,43.00,-0.22,82,0.0100,57,22.10
921,72.00,2.00,82,0.0100,28,22.10
922,-150.00,0.24,82,0.0100,150,22.10
923,68.00,2.42,82,0.0100,32,22.10
924,-150.00,0.00,82,0.0100,150,22.10
925,66.00,2.16,82,0.0100,34,22.10
926,-10.00,3.56,82,0.0100,110,22.10
927,98.00,3.80,82,0.0100,2,22.10
928,78.00,4.76,82,0.0100,22,22.10
929,97.00,5.11,82,0.0100,3,22.10
930,-150.00,5.11,82,0.0100,150,22.10
931,96.00,5.47,82,0.0100,4,22.10
932,52.00,5.37,82,0.0100,48,22.10
933,57.00,7.44,82,0.0100,43,22.10
934,-150.00,5.36,82,0.0100,150,22.10
935,-150.00,3.15,82,0.0100,150,22.10
936,53.00,5.18,82,0.0100,47,22.10
937,-150.00,3.37,82,0.0100,150,22.10
938,55.00,3.64,82,0.0100,45,22.10
939,95.00,3.65,82,0.0100,5,22.10
940,-150.00,3.65,82,0.0100,150,22.10
941,-150.00,1.48,82,0.0100,150,22.10
942,99.00,5.12,82,0.0100,1,22.10
943,-150.00,5.12,82,0.0100,150,22.10
944,56.00,4.93,82,0.0100,44,22.10
945,46.00,6.89,82,0.0100,54,22.10
946,-150.00,4.57,82,0.0100,150,22.10
947,97.00,4.75,82,0.0100,3,22.10
948,89.00,7.14,82,0.0100,11,22.10
949,-150.00,4.90,82,0.0100,150,22.10
950,-150.00,4.90,82,0.0100,150,22.10
951,93.00,4.90,82,0.0100,7,22.10
952,56.00,4.56,82,0.0100,44,22.10
953,93.00,6.99,82,0.0100,7,22.10
954,-7.00,6.28,82,0.0100,107,22.10
955,97.00,6.27,82,0.0100,3,22.10
956,-38.00,5.11,82,0.0100,138,22.10
957,85.00,5.10,82,0.0100,15,22.10
958,77.00,5.71,82,0.0100,23,22.10
959,55.00,7.76,82,0.0100,45,22.10
960,-4.00,9.22,82,0.0100,104,22.10
961,72.00,9.48,82,0.0100,28,22.10
962,82.00,9.65,82,0.0100,18,22.10
963,85.00,10.58,82,0.0100,15,22.10
964,91.00,12.99,82,0.0100,9,22.10
965,94.00,13.33,82,0.0100,6,22.10
966,69.00,13.19,82,0.0100,31,22.10
967,-31.00,12.94,82,0.0100,131,22.10
968,-42.00,11.54,82,0.0100,142,22.10
969,-150.00,11.54,82,0.0100,150,22.10
970,-24.00,11.32,82,0.0100,124,22.10
971,87.00,11.67,82,0.0100,13,22.10
972,-150.00,10.28,82,0.0100,150,22.10
973,54.00,9.86,82,0.0100,46,22.10
974,59.00,11.95,82,0.0100,41,22.10
975,-150.00,9.64,82,0.0100,150,22.10
976,85.00,9.94,82,0.0100,15,22.10
977,71.00,10.80,82,0.0100,29,22.10
978,-150.00,10.80,82,0.0100,150,22.10
979,-150.00,9.59,82,0.0100,150,22.10
980,-150.00,9.59,82,0.0100,150,22.10
981,0.00,8.87,82,0.0100,100,22.10
982,-34.00,7.55,82,0.0100,134,22.10
983,-150.00,7.55,82,0.0100,150,22.10
984,-3.00,7.27,82,0.0100,103,22.10
985,16.00,6.46,82,0.0100,84,22.10
986,89.00,6.49,82,0.0100,11,22.10
987,63.00,6.19,82,0.0100,37,22.10
988,-150.00,3.83,82,0.0100,150,22.10
989,-150.00,1.89,82,0.0100,150,22.10
990,85.00,1.85,82,0.0100,15,22.10
991,57.00,1.52,82,0.0100,43,22.10
992,-150.00,-0.07,82,0.0100,150,22.10
993,87.00,2.30,82,0.0100,13,22.10
994,-150.00,2.30,82,0.0100,150,22.10
995,48.00,4.28,82,0.0100,52,22.10
996,69.00,4.20,82,0.0100,31,22.10
997,-150.00,1.90,82,0.0100,150,22.10
998,93.00,2.08,82,0.0100,7,22.10
999,-150.00,0.16,82,0.0100,150,22.10
1000,94.00,0.22,82,0.0100,6,22.10
1001,33.00,-0.12,82,0.0100,67,22.10
1002,92.00,0.57,82,0.0100,8,22.10
1003,98.00,0.56,82,0.0100,2,22.10
1004,-150.00,-1.84,82,0.0100,150,22.10
1005,88.00,-1.52,82,0.0100,12,22.10
1006,-150.00,-3.86,82,0.0100,150,22.10
1007,-150.00,-6.25,82,0.0100,150,22.10
1008,75.00,-6.13,82,0.0100,25,22.10
1009,57.00,-6.46,82,0.0100,43,22.10
1010,55.00,-6.87,82,0.0100,45,22.10
1011,-150.00,-8.85,82,0.0100,150,22.10
1012,78.00,-6.57,82,0.0100,22,22.10
1013,60.00,-4.47,82,0.0100,40,22.10
1014,-33.00,-5.64,82,0.0100,133,22.10
1015,90.00,-5.69,82,0.0100,10,22.10
1016,67.00,-3.52,82,0.0100,33,22.10
1017,80.00,-3.47,82,0.0100,20,22.10
1018,79.00,-3.51,82,0.0100,21,22.10
1019,88.00,-1.13,82,0.0100,12,22.10
1020,66.00,-0.90,82,0.0100,34,22.10
1021,91.00,-0.71,82,0.0100,9,22.10
1022,-150.00,-0.71,82,0.0100,150,22.10
1023,-150.00,-2.89,82,0.0100,150,22.10
1024,36.00,-1.03,82,0.0100,64,22.10
1025,67.00,-1.02,82,0.0100,33,22.10
1026,59.00,-0.33,82,0.0100,41,22.10
1027,-150.00,-2.81,82,0.0100,150,22.10
1028,50.00,-3.09,82,0.0100,50,22.10
1029,-150.00,-5.56,82,0.0100,150,22.10
1030,60.00,-3.46,82,0.0100,40,22.10
1031,89.00,-3.53,82,0.0100,11,22.10
1032,-150.00,-5.55,82,0.0100,150,22.10
1033,-150.00,-7.62,82,0.0100,150,22.10
1034,-7.00,-6.19,82,0.0100,107,22.10
1035,-150.00,-6.19,82,0.0100,150,22.10
1036,-23.00,-6.95,82,0.0100,123,22.10
1037,-150.00,-6.95,82,0.0100,150,22.10
1038,-17.00,-7.67,82,0.0100,117,22.10
1039,65.00,-7.97,82,0.0100,35,22.10
1040,-150.00,-7.97,82,0.0100,150,22.10
1041,-150.00,-7.97,82,0.0100,150,22.10
1042,44.00,-8.52,82,0.0100,56,22.10
1043,54.00,-6.48,82,0.0100,46,22.10
1044,93.00,-6.11,82,0.0100,7,22.10
1045,-150.00,-8.07,82,0.0100,150,22.10
1046,12.00,-6.45,82,0.0100,88,22.10
1047,78.00,-6.64,82,0.0100,22,22.10
1048,-3.00,-7.56,82,0.0100,103,22.10
1049,95.00,-5.11,82,0.0100,5,22.10
1050,-150.00,-5.11,82,0.0100,150,22.10
1051,70.00,-5.34,82,0.0100,30,22.10
1052,80.00,-5.10,82,0.0100,20,22.10
1053,50.00,-5.53,82,0.0100,50,22.10
1054,66.00,-4.80,82,0.0100,34,22.10
1055,-150.00,-7.27,82,0.0100,150,22.10
1056,-150.00,-8.39,82,0.0100,150,22.10
1057,-150.00,-10.74,82,0.0100,150,22.10
1058,-16.00,-11.67,82,0.0100,116,22.10
1059,23.00,-11.99,82,0.0100,77,22.10
1060,-150.00,-13.45,82,0.0100,150,22.10
1061,49.00,-13.68,82,0.0100,51,22.10
1062,59.00,-13.91,82,0.0100,41,22.10
1063,-150.00,-16.26,82,0.0100,150,22.10
1064,-150.00,-18.67,82,0.0100,150,22.10
1065,74.00,-18.87,82,0.0100,26,22.10
1066,63.00,-18.93,82,0.0100,37,22.10
1067,17.00,-18.45,82,0.0100,83,22.10
1068,-150.00,-19.53,82,0.0100,150,22.10
1069,97.00,-17.06,82,0.0100,3,22.10
1070,93.00,-15.89,82,0.0100,7,22.10
1071,-150.00,-18.26,82,0.0100,150,22.10
1072,49.00,-16.27,82,0.0100,51,22.10
1073,-150.00,-18.31,82,0.0100,150,22.10
1074,19.00,-18.71,82,0.0100,81,22.10
1075,56.00,-16.65,82,0.0100,44,22.10
1076,88.00,-16.62,82,0.0100,12,22.10
1077,56.00,-16.77,82,0.0100,44,22.10
1078,-150.00,-16.77,82,0.0100,150,22.10
1079,-150.00,-16.77,82,0.0100,150,22.10
1080,79.00,-14.48,82,0.0100,21,22.10
1081,97.00,-13.51,82,0.0100,3,22.10
1082,16.00,-13.01,82,0.0100,84,22.10
1083,-29.00,-11.80,82,0.0100,129,22.10
1084,-150.00,-13.27,82,0.0100,150,22.10
1085,68.00,-12.75,82,0.0100,32,22.10
1086,-150.00,-15.14,82,0.0100,150,22.10
1087,-13.00,-15.90,82,0.0100,113,22.10
1088,-150.00,-15.90,82,0.0100,150,22.10
1089,-150.00,-15.90,82,0.0100,150,22.10
1090,44.00,-16.31,82,0.0100,56,22.10
1091,-32.00,-17.20,82,0.0100,132,22.10
1092,-150.00,-17.20,82,0.0100,150,22.10
1093,67.00,-17.40,82,0.0100,33,22.10
1094,93.00,-14.97,82,0.0100,7,22.10
1095,87.00,-14.58,82,0.0100,13,22.10
1096,92.00,-14.35,82,0.0100,8,22.10
1097,-150.00,-14.35,82,0.0100,150,22.10
1098,62.00,-14.66,82,0.0100,38,22.10
1099,70.00,-12.46,82,0.0100,30,22.10
1100,67.00,-12.73,82,0.0100,33,22.10
1101,69.00,-12.37,82,0.0100,31,22.10
1102,75.00,-12.54,82,0.0100,25,22.10
1103,-8.00,-13.60,82,0.0100,108,22.10
1104,36.00,-11.74,82,0.0100,64,22.10
1105,-2.00,-12.64,82,0.0100,102,22.10
1106,-150.00,-12.64,82,0.0100,150,22.10
1107,-150.00,-12.64,82,0.0100,150,22.10
1108,-150.00,-14.89,82,0.0100,150,22.10
1109,-150.00,-16.96,82,0.0100,150,22.10
1110,52.00,-16.99,82,0.0100,48,22.10
1111,-150.00,-16.99,82,0.0100,150,22.10
1112,-150.00,-19.27,82,0.0100,150,22.10
1113,-150.00,-21.37,82,0.0100,150,22.10
1114,64.00,-20.40,82,0.0100,36,22.10
1115,68.00,-20.62,82,0.0100,32,22.10
1116,-150.00,-22.79,82,0.0100,150,22.10
1117,59.00,-23.00,82,0.0100,41,22.10
1118,64.00,-23.15,82,0.0100,36,22.10
1119,-150.00,-25.53,82,0.0100,150,22.10
1120,77.00,-25.42,82,0.0100,23,22.10
1121,-150.00,-27.83,82,0.0100,150,22.10
1122,-150.00,-27.83,82,0.0100,150,22.10
1123,97.00,-25.36,82,0.0100,3,22.10
1124,70.00,-25.02,82,0.0100,30,22.10
1125,79.00,-24.90,82,0.0100,21,22.10
1126,78.00,-24.71,82,0.0100,22,22.10
1127,-150.00,-24.71,82,0.0100,150,22.10
1128,97.00,-24.24,82,0.0100,3,22.10
1129,53.00,-22.21,82,0.0100,47,22.10
1130,53.00,-22.28,82,0.0100,47,22.10
1131,99.00,-22.18,82,0.0100,1,22.10
1132,54.00,-20.14,82,0.0100,46,22.10
1133,58.00,-18.06,82,0.0100,42,22.10
1134,89.00,-17.10,82,0.0100,11,22.10
1135,-150.00,-17.10,82,0.0100,150,22.10
1136,-150.00,-18.37,82,0.0100,150,22.10
1137,89.00,-15.98,82,0.0100,11,22.10
1138,92.00,-14.89,82,0.0100,8,22.10
1139,75.00,-14.79,82,0.0100,25,22.10
1140,75.00,-12.54,82,0.0100,25,22.10
1141,62.00,-10.42,82,0.0100,38,22.10
1142,30.00,-10.56,82,0.0100,70,22.10
1143,83.00,-10.27,82,0.0100,17,22.10
1144,-150.00,-12.70,82,0.0100,150,22.10
1145,-150.00,-12.70,82,0.0100,150,22.10
1146,28.00,-12.54,82,0.0100,72,22.10
1147,-150.00,-14.82,82,0.0100,150,22.10
1148,99.00,-13.80,82,0.0100,1,22.10
1149,-150.00,-16.25,82,0.0100,150,22.10
1150,90.00,-13.85,82,0.0100,10,22.10
1151,-150.00,-16.05,82,0.0100,150,22.10
1152,94.00,-15.91,82,0.0100,6,22.10
1153,-150.00,-17.91,82,0.0100,150,22.10
1154,-150.00,-20.07,82,0.0100,150,22.10
1155,67.00,-17.90,82,0.0100,33,22.10
1156,-150.00,-17.90,82,0.0100,150,22.10
1157,-150.00,-17.90,82,0.0100,150,22.10
1158,48.00,-17.26,82,0.0100,52,22.10
1159,60.00,-16.89,82,0.0100,40,22.10
1160,-150.00,-16.89,82,0.0100,150,22.10
1161,-31.00,-17.69,82,0.0100,131,22.10
1162,94.00,-17.34,82,0.0100,6,22.10
1163,-150.00,-17.34,82,0.0100,150,22.10
1164,77.00,-15.07,82,0.0100,23,22.10
1165,-150.00,-17.31,82,0.0100,150,22.10
1166,-150.00,-19.44,82,0.0100,150,22.10
1167,-150.00,-21.11,82,0.0100,150,22.10
1168,-150.00,-21.11,82,0.0100,150,22.10
1169,37.00,-21.71,82,0.0100,63,22.10
1170,-150.00,-24.14,82,0.0100,150,22.10
1171,99.00,-21.65,82,0.0100,1,22.10
1172,-150.00,-23.64,82,0.0100,150,22.10
1173,-150.00,-23.64,82,0.0100,150,22.10
1174,60.00,-23.23,82,0.0100,40,22.10
1175,81.00,-22.98,82,0.0100,19,22.10
1176,78.00,-23.08,82,0.0100,22,22.10
1177,80.00,-22.84,82,0.0100,20,22.10
1178,77.00,-20.57,82,0.0100,23,22.10
1179,89.00,-18.18,82,0.0100,11,22.10
1180,-44.00,-19.41,82,0.0100,144,22.10
1181,-150.00,-21.88,82,0.0100,150,22.10
1182,-150.00,-23.54,82,0.0100,150,22.10
1183,92.00,-22.33,82,0.0100,8,22.10
1184,67.00,-20.16,82,0.0100,33,22.10
1185,50.00,-20.34,82,0.0100,50,22.10
1186,95.00,-17.89,82,0.0100,5,22.10
1187,-150.00,-19.26,82,0.0100,150,22.10
1188,-150.00,-19.26,82,0.0100,150,22.10
1189,34.00,-17.42,82,0.0100,66,22.10
1190,93.00,-16.93,82,0.0100,7,22.10
1191,-150.00,-18.11,82,0.0100,150,22.10
1192,-150.00,-18.11,82,0.0100,150,22.10
1193,-150.00,-20.28,82,0.0100,150,22.10
1194,-150.00,-22.71,82,0.0100,150,22.10
1195,-150.00,-25.08,82,0.0100,150,22.10
1196,99.00,-25.01,82,0.0100,1,22.10
1197,-150.00,-25.01,82,0.0100,150,22.10
1198,-150.00,-27.13,82,0.0100,150,22.10
1199,55.00,-27.28,82,0.0100,45,22.10
1200,-50.00,-28.45,82,0.0100,150,22.10
1201,-150.00,-30.64,82,0.0100,150,22.10
1202,-150.00,-32.89,82,0.0100,150,22.10
1203,-150.00,-34.31,82,0.0100,150,22.10
1204,75.00,-33.92,82,0.0100,25,22.10
1205,99.00,-32.91,82,0.0100,1,22.10
1206,-8.00,-31.49,82,0.0100,108,22.10
1207,-150.00,-31.49,82,0.0100,150,22.10
1208,86.00,-29.13,82,0.0100,14,22.10
1209,83.00,-26.80,82,0.0100,17,22.10
1210,39.00,-26.93,82,0.0100,61,22.10
1211,-150.00,-26.93,82,0.0100,150,22.10
1212,88.00,-24.55,82,0.0100,12,22.10
1213,-150.00,-24.55,82,0.0100,150,22.10
1214,-150.00,-26.69,82,0.0100,150,22.10
1215,-150.00,-28.87,82,0.0100,150,22.10
1216,-150.00,-28.87,82,0.0100,150,22.10
1217,-150.00,-30.96,82,0.0100,150,22.10
1218,-150.00,-33.10,82,0.0100,150,22.10
1219,15.00,-31.45,82,0.0100,85,22.10
1220,38.00,-31.84,82,0.0100,62,22.10
1221,-150.00,-31.84,82,0.0100,150,22.10
1222,98.00,-29.36,82,0.0100,2,22.10
1223,25.00,-30.08,82,0.0100,75,22.10
1224,66.00,-30.12,82,0.0100,34,22.10
1225,81.00,-30.10,82,0.0100,19,22.10
1226,-150.00,-32.38,82,0.0100,150,22.10
1227,-150.00,-32.38,82,0.0100,150,22.10
1228,-150.00,-34.85,82,0.0100,150,22.10
1229,-150.00,-36.88,82,0.0100,150,22.10
1230,-150.00,-38.91,82,0.0100,150,22.10
1231,-150.00,-41.40,82,0.0100,150,22.10
1232,99.00,-40.95,82,0.0100,1,22.10
1233,99.00,-40.54,82,0.0100,1,22.10
1234,-150.00,-42.93,82,0.0100,150,22.10
1235,97.00,-40.46,82,0.0100,3,22.10
1236,-150.00,-40.46,82,0.0100,150,22.10
1237,-150.00,-42.85,82,0.0100,150,22.10
1238,-150.00,-45.27,82,0.0100,150,22.10
1239,-150.00,-47.52,82,0.0100,150,22.10
1240,-150.00,-49.77,82,0.0100,150,22.10
1241,7.00,-50.32,82,0.0100,93,22.10
1242,-150.00,-52.12,82,0.0100,150,22.10
1243,80.00,-52.15,82,0.0100,20,22.10
1244,97.00,-49.68,82,0.0100,3,22.10
1245,-150.00,-49.68,82,0.0100,150,22.10
1246,70.00,-49.26,82,0.0100,30,22.10
1247,66.00,-47.10,82,0.0100,34,22.10
1248,82.00,-47.27,82,0.0100,18,22.10
1249,67.00,-45.10,82,0.0100,33,22.10
1250,-150.00,-47.50,82,0.0100,150,22.10
1251,-150.00,-47.50,82,0.0100,150,22.10
1252,79.00,-47.65,82,0.0100,21,22.10
1253,-150.00,-47.65,82,0.0100,150,22.10
1254,-150.00,-47.65,82,0.0100,150,22.10
1255,-150.00,-49.82,82,0.0100,150,22.10
1256,68.00,-47.64,82,0.0100,32,22.10
1257,-150.00,-47.64,82,0.0100,150,22.10
1258,91.00,-47.21,82,0.0100,9,22.10
1259,-150.00,-49.31,82,0.0100,150,22.10
1260,-150.00,-49.31,82,0.0100,150,22.10
1261,95.00,-48.05,82,0.0100,5,22.10
1262,83.00,-48.16,82,0.0100,17,22.10
1263,66.00,-46.00,82,0.0100,34,22.10
1264,-14.00,-46.91,82,0.0100,114,22.10
1265,-39.00,-45.80,82,0.0100,139,22.10
1266,-150.00,-45.80,82,0.0100,150,22.10
1267,71.00,-43.59,82,0.0100,29,22.10
1268,16.00,-41.93,82,0.0100,84,22.10
1269,-150.00,-43.80,82,0.0100,150,22.10
1270,1.00,-42.29,82,0.0100,99,22.10
1271,-38.00,-43.66,82,0.0100,138,22.10
1272,-150.00,-43.66,82,0.0100,150,22.10
1273,-150.00,-43.66,82,0.0100,150,22.10
1274,85.00,-43.41,82,0.0100,15,22.10
1275,-150.00,-45.72,82,0.0100,150,22.10
1276,91.00,-45.59,82,0.0100,9,22.10
1277,12.00,-46.27,82,0.0100,88,22.10
1278,68.00,-46.36,82,0.0100,32,22.10
1279,-150.00,-48.75,82,0.0100,150,22.10
1280,66.00,-47.65,82,0.0100,34,22.10
1281,-150.00,-47.65,82,0.0100,150,22.10
1282,83.00,-45.32,82,0.0100,17,22.10
1283,83.00,-45.41,82,0.0100,17,22.10
1284,-16.00,-46.24,82,0.0100,116,22.10
1285,72.00,-46.02,82,0.0100,28,22.10
1286,-150.00,-48.47,82,0.0100,150,22.10
1287,69.00,-46.28,82,0.0100,31,22.10
1288,68.00,-44.10,82,0.0100,32,22.10
1289,96.00,-43.48,82,0.0100,4,22.10
1290,98.00,-43.43,82,0.0100,2,22.10
1291,83.00,-41.10,82,0.0100,17,22.10
1292,-150.00,-41.10,82,0.0100,150,22.10
1293,-20.00,-39.80,82,0.0100,120,22.10
1294,-150.00,-39.80,82,0.0100,150,22.10
1295,-150.00,-39.80,82,0.0100,150,22.10
1296,54.00,-40.25,82,0.0100,46,22.10
1297,83.00,-37.92,82,0.0100,17,22.10
1298,69.00,-35.73,82,0.0100,31,22.10
1299,-150.00,-37.78,82,0.0100,150,22.10
1300,95.00,-36.33,82,0.0100,5,22.10
1301,-150.00,-36.33,82,0.0100,150,22.10
1302,39.00,-34.44,82,0.0100,61,22.10
1303,84.00,-32.10,82,0.0100,16,22.10
1304,78.00,-32.07,82,0.0100,22,22.10
1305,-150.00,-34.56,82,0.0100,150,22.10
1306,99.00,-33.49,82,0.0100,1,22.10
1307,-150.00,-33.49,82,0.0100,150,22.10
1308,-150.00,-35.85,82,0.0100,150,22.10
1309,-150.00,-38.18,82,0.0100,150,22.10
1310,-150.00,-40.07,82,0.0100,150,22.10
1311,-150.00,-40.07,82,0.0100,150,22.10
1312,-38.00,-41.33,82,0.0100,138,22.10
1313,44.00,-39.39,82,0.0100,56,22.10
1314,96.00,-36.93,82,0.0100,4,22.10
1315,48.00,-34.95,82,0.0100,52,22.10
1316,-150.00,-34.95,82,0.0100,150,22.10
1317,-150.00,-34.95,82,0.0100,150,22.10
1318,71.00,-32.74,82,0.0100,29,22.10
1319,68.00,-32.21,82,0.0100,32,22.10
1320,80.00,-31.79,82,0.0100,20,22.10
1321,97.00,-29.32,82,0.0100,3,22.10
1322,-150.00,-31.80,82,0.0100,150,22.10
1323,96.00,-31.09,82,0.0100,4,22.10
1324,-150.00,-33.25,82,0.0100,150,22.10
1325,-150.00,-35.56,82,0.0100,150,22.10
1326,-150.00,-35.56,82,0.0100,150,22.10
1327,-150.00,-35.56,82,0.0100,150,22.10
1328,62.00,-33.44,82,0.0100,38,22.10
1329,61.00,-31.33,82,0.0100,39,22.10
1330,74.00,-29.09,82,0.0100,26,22.10
1331,-150.00,-29.09,82,0.0100,150,22.10
1332,-150.00,-31.58,82,0.0100,150,22.10
1333,-18.00,-32.75,82,0.0100,118,22.10
1334,-150.00,-32.75,82,0.0100,150,22.10
1335,83.00,-32.89,82,0.0100,17,22.10
1336,-150.00,-32.89,82,0.0100,150,22.10
1337,-150.00,-32.89,82,0.0100,150,22.10
1338,76.00,-30.63,82,0.0100,24,22.10
1339,83.00,-28.30,82,0.0100,17,22.10
1340,63.00,-26.17,82,0.0100,37,22.10
1341,77.00,-25.47,82,0.0100,23,22.10
1342,71.00,-23.26,82,0.0100,29,22.10
1343,69.00,-23.37,82,0.0100,31,22.10
1344,-150.00,-25.84,82,0.0100,150,22.10
1345,3.00,-24.31,82,0.0100,97,22.10
1346,-42.00,-25.43,82,0.0100,142,22.10
1347,-150.00,-27.59,82,0.0100,150,22.10
1348,-150.00,-29.91,82,0.0100,150,22.10
1349,-150.00,-32.08,82,0.0100,150,22.10
1350,-150.00,-32.08,82,0.0100,150,22.10
1351,-2.00,-30.60,82,0.0100,102,22.10
1352,97.00,-30.42,82,0.0100,3,22.10
1353,79.00,-28.13,82,0.0100,21,22.10
1354,66.00,-25.97,82,0.0100,34,22.10
1355,-150.00,-25.97,82,0.0100,150,22.10
1356,68.00,-25.97,82,0.0100,32,22.10
1357,-150.00,-25.97,82,0.0100,150,22.10
1358,79.00,-26.09,82,0.0100,21,22.10
1359,83.00,-23.76,82,0.0100,17,22.10
1360,96.00,-21.30,82,0.0100,4,22.10
1361,84.00,-21.41,82,0.0100,16,22.10
1362,-150.00,-23.74,82,0.0100,150,22.10
1363,-150.00,-25.90,82,0.0100,150,22.10
1364,-150.00,-27.26,82,0.0100,150,22.10
1365,-35.00,-27.22,82,0.0100,135,22.10
1366,85.00,-24.87,82,0.0100,15,22.10
1367,86.00,-24.72,82,0.0100,14,22.10
1368,77.00,-24.11,82,0.0100,23,22.10
1369,-150.00,-24.11,82,0.0100,150,22.10
1370,-150.00,-25.62,82,0.0100,150,22.10
1371,71.00,-24.53,82,0.0100,29,22.10
1372,-36.00,-23.39,82,0.0100,136,22.10
1373,-37.00,-22.26,82,0.0100,137,22.10
1374,73.00,-22.38,82,0.0100,27,22.10
1375,70.00,-20.18,82,0.0100,30,22.10
1376,-150.00,-22.59,82,0.0100,150,22.10
1377,52.00,-22.19,82,0.0100,48,22.10
1378,-150.00,-24.37,82,0.0100,150,22.10
1379,-150.00,-24.37,82,0.0100,150,22.10
1380,76.00,-24.27,82,0.0100,24,22.10
1381,76.00,-22.01,82,0.0100,24,22.10
1382,99.00,-21.85,82,0.0100,1,22.10
1383,94.00,-21.74,82,0.0100,6,22.10
1384,-150.00,-23.08,82,0.0100,150,22.10
1385,-21.00,-24.01,82,0.0100,121,22.10
1386,-4.00,-22.55,82,0.0100,104,22.10
1387,-150.00,-24.74,82,0.0100,150,22.10
1388,79.00,-24.63,82,0.0100,21,22.10
1389,-150.00,-27.09,82,0.0100,150,22.10
1390,-150.00,-29.57,82,0.0100,150,22.10
1391,-7.00,-30.47,82,0.0100,107,22.10
1392,87.00,-28.10,82,0.0100,13,22.10
1393,-150.00,-29.40,82,0.0100,150,22.10
1394,-150.00,-29.40,82,0.0100,150,22.10
1395,-150.00,-29.40,82,0.0100,150,22.10
1396,14.00,-29.80,82,0.0100,86,22.10
1397,34.00,-30.29,82,0.0100,66,22.10
1398,75.00,-30.23,82,0.0100,25,22.10
1399,-150.00,-30.23,82,0.0100,150,22.10
1400,83.00,-30.35,82,0.0100,17,22.10
1401,68.00,-28.17,82,0.0100,32,22.10
1402,-150.00,-30.06,82,0.0100,150,22.10
1403,98.00,-29.92,82,0.0100,2,22.10
1404,55.00,-30.15,82,0.0100,45,22.10
1405,65.00,-28.00,82,0.0100,35,22.10
1406,78.00,-28.21,82,0.0100,22,22.10
1407,6.00,-26.65,82,0.0100,94,22.10
1408,63.00,-24.52,82,0.0100,37,22.10
1409,-150.00,-24.52,82,0.0100,150,22.10
1410,-150.00,-24.52,82,0.0100,150,22.10
1411,-150.00,-24.52,82,0.0100,150,22.10
1412,81.00,-23.33,82,0.0100,19,22.10
1413,76.00,-23.01,82,0.0100,24,22.10
1414,-150.00,-25.47,82,0.0100,150,22.10
1415,25.00,-25.70,82,0.0100,75,22.10
1416,0.00,-24.20,82,0.0100,100,22.10
1417,81.00,-21.89,82,0.0100,19,22.10
1418,34.00,-22.26,82,0.0100,66,22.10
1419,96.00,-21.98,82,0.0100,4,22.10
1420,77.00,-22.01,82,0.0100,23,22.10
1421,-150.00,-24.48,82,0.0100,150,22.10
1422,13.00,-22.85,82,0.0100,87,22.10
1423,24.00,-23.57,82,0.0100,76,22.10
1424,-150.00,-23.57,82,0.0100,150,22.10
1425,-150.00,-23.57,82,0.0100,150,22.10
1426,-150.00,-23.57,82,0.0100,150,22.10
1427,98.00,-21.09,82,0.0100,2,22.10
1428,-150.00,-23.21,82,0.0100,150,22.10
1429,72.00,-23.10,82,0.0100,28,22.10
1430,98.00,-22.86,82,0.0100,2,22.10
1431,98.00,-20.38,82,0.0100,2,22.10
1432,72.00,-18.16,82,0.0100,28,22.10
1433,70.00,-17.28,82,0.0100,30,22.10
1434,82.00,-14.96,82,0.0100,18,22.10
1435,77.00,-15.02,82,0.0100,23,22.10
1436,-150.00,-15.02,82,0.0100,150,22.10
1437,50.00,-13.02,82,0.0100,50,22.10
1438,65.00,-13.13,82,0.0100,35,22.10
1439,83.00,-13.13,82,0.0100,17,22.10
1440,-150.00,-15.26,82,0.0100,150,22.10
1441,14.00,-15.89,82,0.0100,86,22.10
1442,73.00,-15.87,82,0.0100,27,22.10
1443,-150.00,-18.06,82,0.0100,150,22.10
1444,50.00,-16.06,82,0.0100,50,22.10
1445,68.00,-15.41,82,0.0100,32,22.10
1446,-17.00,-15.16,82,0.0100,117,22.10
1447,97.00,-12.69,82,0.0100,3,22.10
1448,65.00,-10.54,82,0.0100,35,22.10
1449,60.00,-8.44,82,0.0100,40,22.10
1450,41.00,-6.53,82,0.0100,59,22.10
1451,81.00,-5.70,82,0.0100,19,22.10
1452,-150.00,-8.17,82,0.0100,150,22.10
1453,67.00,-8.29,82,0.0100,33,22.10
1454,-150.00,-10.45,82,0.0100,150,22.10
1455,83.00,-8.12,82,0.0100,17,22.10
1456,-150.00,-10.30,82,0.0100,150,22.10
1457,69.00,-8.11,82,0.0100,31,22.10
1458,97.00,-7.93,82,0.0100,3,22.10
1459,-150.00,-10.26,82,0.0100,150,22.10
1460,-150.00,-12.72,82,0.0100,150,22.10
1461,-150.00,-15.06,82,0.0100,150,22.10
1462,58.00,-12.98,82,0.0100,42,22.10
1463,-150.00,-12.98,82,0.0100,150,22.10
1464,64.00,-10.84,82,0.0100,36,22.10
1465,86.00,-9.63,82,0.0100,14,22.10
1466,-150.00,-11.98,82,0.0100,150,22.10
1467,44.00,-12.40,82,0.0100,56,22.10
1468,-150.00,-14.67,82,0.0100,150,22.10
1469,-150.00,-14.67,82,0.0100,150,22.10
1470,71.00,-12.46,82,0.0100,29,22.10
1471,-150.00,-14.67,82,0.0100,150,22.10
1472,-150.00,-15.81,82,0.0100,150,22.10
1473,-150.00,-16.94,82,0.0100,150,22.10
1474,98.00,-16.69,82,0.0100,2,22.10
1475,-150.00,-18.89,82,0.0100,150,22.10
1476,25.00,-17.14,82,0.0100,75,22.10
1477,91.00,-16.75,82,0.0100,9,22.10
1478,-150.00,-16.75,82,0.0100,150,22.10
1479,-150.00,-16.75,82,0.0100,150,22.10
1480,68.00,-16.83,82,0.0100,32,22.10
1481,-150.00,-19.09,82,0.0100,150,22.10
1482,84.00,-19.24,82,0.0100,16,22.10
1483,-150.00,-21.68,82,0.0100,150,22.10
1484,34.00,-19.84,82,0.0100,66,22.10
1485,-150.00,-21.13,82,0.0100,150,22.10
1486,-150.00,-22.59,82,0.0100,150,22.10
1487,-150.00,-22.59,82,0.0100,150,22.10
1488,-150.00,-24.88,82,0.0100,150,22.10
1489,-150.00,-24.88,82,0.0100,150,22.10
1490,99.00,-22.39,82,0.0100,1,22.10
1491,-150.00,-23.82,82,0.0100,150,22.10
1492,75.00,-23.94,82,0.0100,25,22.10
1493,-150.00,-23.94,82,0.0100,150,22.10
1494,-150.00,-23.94,82,0.0100,150,22.10
1495,75.00,-21.69,82,0.0100,25,22.10
1496,54.00,-21.29,82,0.0100,46,22.10
1497,79.00,-20.84,82,0.0100,21,22.10
1498,49.00,-21.10,82,0.0100,51,22.10
1499,-150.00,-21.10,82,0.0100,150,22.10
1500,-150.00,-23.43,82,0.0100,150,22.10
